-- phpMyAdmin SQL Dump
-- version 4.5.1
-- http://www.phpmyadmin.net
--
-- Host: 127.0.0.1
-- Creato il: Nov 01, 2024 alle 00:49
-- Versione del server: 10.1.8-MariaDB
-- Versione PHP: 5.6.14

SET SQL_MODE = "NO_AUTO_VALUE_ON_ZERO";
SET time_zone = "+00:00";


/*!40101 SET @OLD_CHARACTER_SET_CLIENT=@@CHARACTER_SET_CLIENT */;
/*!40101 SET @OLD_CHARACTER_SET_RESULTS=@@CHARACTER_SET_RESULTS */;
/*!40101 SET @OLD_COLLATION_CONNECTION=@@COLLATION_CONNECTION */;
/*!40101 SET NAMES utf8mb4 */;

--
-- Database: `projectwork_giornale`
--

-- --------------------------------------------------------

--
-- Struttura della tabella `admin`
--

CREATE TABLE `admin` (
  `id_admin` int(11) NOT NULL,
  `username` varchar(50) NOT NULL,
  `password` varchar(50) NOT NULL
) ENGINE=InnoDB DEFAULT CHARSET=latin1;

--
-- Dump dei dati per la tabella `admin`
--

INSERT INTO `admin` (`id_admin`, `username`, `password`) VALUES
(1, 'vitto95', 'ciao123?'),
(2, 'rick96', 'ciao123?'),
(3, 'ale00', 'ciao123?'),
(4, 'marco99', 'ciao123?'),
(5, 'vito04', 'ciao123?');

-- --------------------------------------------------------

--
-- Struttura della tabella `categoria`
--

CREATE TABLE `categoria` (
  `id_categoria` int(11) NOT NULL,
  `nome` varchar(50) NOT NULL
) ENGINE=InnoDB DEFAULT CHARSET=latin1;

--
-- Dump dei dati per la tabella `categoria`
--

INSERT INTO `categoria` (`id_categoria`, `nome`) VALUES
(1, 'Intelligenza Artificiale'),
(2, 'Cyber Security'),
(3, 'Innovazioni'),
(4, 'Robotica');

-- --------------------------------------------------------

--
-- Struttura della tabella `evento`
--

CREATE TABLE `evento` (
  `id_evento` int(11) NOT NULL,
  `nome` varchar(50) NOT NULL,
  `descrizione` longtext,
  `luogo` varchar(50) NOT NULL,
  `data_inizio` datetime NOT NULL,
  `data_fine` datetime NOT NULL,
  `immagine` longtext,
  `fk_id_categoria` int(11) DEFAULT NULL
) ENGINE=InnoDB DEFAULT CHARSET=latin1;

--
-- Dump dei dati per la tabella `evento`
--

INSERT INTO `evento` (`id_evento`, `nome`, `descrizione`, `luogo`, `data_inizio`, `data_fine`, `immagine`, `fk_id_categoria`) VALUES
(1, 'MECSPE', 'Da 23 edizioni MECSPE è il più grande appuntamento dedicato alle innovazioni per l’industria manifatturiera.\r\n\r\nCon un programma sviluppato sui tre filoni tematici ispirati dai pilastri per la crescita in chiave 4.0, formazione, digitalizzazione e sostenibilità, il percorso all’interno dei 13 saloni sinergici di MECSPE sarà per visitatori ed espositori importante occasione per conoscere le principali innovazioni tecnologiche nell’ambito dei processi industriali, sia nelle aree espositive che in quelle dimostrative.', 'Bologna', '2025-03-05 09:30:00', '2025-03-07 18:00:00', '/images/MECSPE-Bologna.png', 4),
(2, 'SMAU', 'SMAU è l’appuntamento di riferimento in Italia sull’innovazione e le startup.\r\n\r\nUn evento da vivere intensamente per trovare nuove proposte, idee e partner a cui affidarsi per costruire insieme il futuro della propria impresa: fatevi guidare dagli Startup Safari per scoprire le innovazioni più vicine alle esigenze della vostra impresa, partecipate agli oltre 50 workshop gratuiti per aggiornarvi sugli ultimi trend e agli eventi di networking per conoscere i veri protagonisti del cambiamento e dare vita a nuove partnership.\r\n\r\nScegliete inoltre, nel ricco programma di Live Show, quello che meglio si avvicina al vostro settore: avrete la possibilità, in 50 minuti, di conoscere le esperienze di innovazione di imprese ed organizzazioni che, durante l’evento, riceveranno il Premio Innovazione SMAU: una fonte preziosa di modelli da cui attingere e di partner con cui affrontare insieme la sfida del cambiamento.\r\n\r\nSMAU. Parola d’ordine: Open Innovation!\r\n\r\n ', 'Milano', '2025-10-29 09:00:00', '2025-10-30 18:30:00', '/images/Smau-Milano.png', 3),
(3, 'Maker Faire Rome', 'Maker Faire Rome è una manifestazione dove la fantasia e la creatività prendono forma e l''innovazione viene raccontata in modo semplice. \r\n\r\nMaker, innovatori e creativi di tutto il mondo presentano progetti di elettronica, intelligenza artificiale, robotica, realtà virtuale e aumentata, gaming, musica, arte, formazione e molto altro. \r\n\r\nMaker Faire Rome è un’esperienza da vivere in prima persona: vieni a scoprire il futuro a Roma! \r\n\r\nScopri, Inventa, Crea!\r\n#MFR2024', 'Roma', '2025-10-25 09:30:00', '2025-10-27 15:00:00', '/images/Maker-Faire-Rome.jpg', 3),
(4, 'AI Week', 'La AI WEEK è il più grande evento in Italia sull''Intelligenza Artificiale ed è senza dubbio il miglior evento per i Manager e gli Imprenditori che voglio restare sul pezzo.\r\n\r\nPartecipa al più grande evento Italiano sull''Intelligenza Artifciale!\r\nE'' l''evento dedicato agli Imprenditori, Manager e Startup Italiani che vogliono scoprire che cos''é l''Intelligenza Artificiale e come adottarla nella propria azienda.', 'Milano (Rho Fiera)', '2025-05-13 10:00:00', '2025-05-14 17:30:00', '/images/AI-week-Milano.png', 1),
(5, 'CYBSEC -Expo', 'La cybersecurity è la principale priorità di investimento nel digitale in Italia, anche grazie alla spinta del PNRR e alla guida dell’Agenzia per la Cybersicurezza Nazionale. \r\nMa il rapporto tra spesa in cybersecurity e PIL è 0,10%, ancora lontano dagli altri Paesi del G7.\r\n\r\nIl 67% delle imprese in Italia rileva un aumento di tentativi di attacco, il 61% ha aumentato il budget per la sicurezza informatica.\r\nNel 53% delle imprese c’è un Chief Information Security Officer formalizzato. Nell’80% piani di formazione strutturati sui rischi di attacco. Ma solo un terzo delle imprese ha metodologie di quantificazione finanziaria del rischio cyber.\r\n\r\nGli attacchi informatici sono in continuo aumento, con 1.141 incidenti gravi rilevati dal Clusit nel solo primo semestre 2022, +8,4% rispetto allo stesso periodo 2021, e le minacce interessano sempre più anche infrastrutture critiche.\r\nComplessivamente nel 2022 il mercato italiano della cybersecurity raggiunge il valore di 1,86 miliardi di euro, con un’accelerazione eccezionale del +18% rispetto al 2021.\r\n\r\nAl CYBSEC-Expo si potranno analizzare le vari novità ed implementazioni dal mondo industriale e politico. Vieni a scoprirle con noi!', 'Piacenza', '2025-05-21 09:30:00', '2025-05-23 18:00:00', '/images/CYBSEC-Piacenza.png', 2),
(6, 'AI Global Summit', 'In occasione della prossima edizione del WMF -We Make Future, che si terrà a BolognaFiere dal 4 al 6 giugno 2025, si svolgerà l''AI Global Summit, evento internazionale di riferimento per l''Artificial Intelligence.\r\n\r\nDurante la tre giorni, che ospiterà esperti di settore e realtà da tutto il mondo, saranno attivi stage formativi sull''AI e le sue applicazioni etiche e di business; sul "main stage" interverranno ospiti d''eccezione, esperti e aziende che da tutto il mondo porteranno esperienze e prospettive sullo sviluppo dell''AI, mentre in Area Fieristica verranno presentati tool e software innovativi, prototipi tecnologici, robotica avanzata e sarà riservato ampio spazio a incontri B2B e attività di business meeting.\r\n\r\nNon mancheranno poi i panel istituzionali e tavoli di lavoro sulla regolamentazione dell''AI oltre alle premiazioni delle migliori startup con progetti tecnologici e innovativi che utilizzano l''AI in ambito industriale o di ricerca.\r\n\r\nL''AI Global Summit rientra nelle progettualità del WMF for AI volte alla diffusione di cultura, competenze e formazione sull’Intelligenza Artificiale con l''obiettivo di favorire un utilizzo consapevole dei nuovi strumenti tecnologici che garantisca un impatto positivo su territori, imprese, istituzioni e società nel suo insieme.\r\n\r\nScopri tutte le opportunità dell''AI Global Summit e acquista il Ticket dedicato!', 'Bologna (Bologna Fiere)', '2025-06-04 09:30:00', '2025-06-06 18:00:00', '/images/AI-Global-Summit-Bologna.png', 1),
(7, 'Sicurezza ICT', 'Torna il roadshow Sicurezza ICT, il programma di incontri territoriali che da 15 anni offre un''occasione di incontro e confronto fra domanda e offerta di soluzioni per la Security e la protezione delle informazioni aziendali.\r\n\r\nUn convegno in sessione plenaria, costruito con i contributi di società del mondo dell’offerta, della ricerca e della consulenza, e un''area espositiva in cui vengono serviti i momenti ristoro utili a creare convivialità e ad agevolare il contatto fra i visitatori e le aziende presenti. \r\n\r\nTra i temi al centro dell''evento:\r\n\r\n- La Sicurezza e Cloud;\r\n- Privileged Access Management: evitare il furto delle identità privilegiate e \r\n  aumentare e la sicurezza degli ambienti IT & OT;\r\n- Backup e Cyber Protection;\r\n- Ransomware & Data Protection: dal contesto attuale alla strategia Zero Trust per - \r\n  difendersi dalla doppia estorsione;\r\n- Reti intelligenti e soluzioni di Cyber Security cloud native per il lavoro Smart;\r\n- Cyber Risk Management per la piccola e media impresa;\r\n- Il rischio cyber legato al fattore umano.\r\n\r\nTi aspettiamo a Milano il 19-21 Marzo 2025!', 'Milano', '2025-03-19 09:00:00', '2025-03-21 18:30:00', '/images/Sicurezza-ICT-Milano.jpg', 2),
(8, 'SPS Italia', 'Diventa protagonista della prossima edizione di SPS Italia, la fiera di riferimento in Italia dell''Automazione e del Digitale per l''Industria. \r\n\r\n13-15 maggio 2025, Fiere di Parma.\r\n\r\nA Parma, dal 13 al 15 maggio 2025, con sei padiglioni, SPS Italia si ripresenta come punto di riferimento per scoprire le tecnologie abilitanti per la fabbrica, conoscere i nuovi trend, confrontarsi sulla trasformazione green e digitale del manifatturiero. L''area Digital District completa l’offerta espositiva.', 'Parma (zona Fiera)', '2025-05-13 09:30:00', '2025-05-15 19:00:00', '/images/SPS-Italia-Parma.jpg', 4);

-- --------------------------------------------------------

--
-- Struttura della tabella `notizia`
--

CREATE TABLE `notizia` (
  `id_notizia` int(11) NOT NULL,
  `titolo` varchar(150) NOT NULL,
  `descrizione` longtext NOT NULL,
  `autore` varchar(50) NOT NULL,
  `data_pubblicazione` date NOT NULL,
  `immagine` longtext,
  `link_video` varchar(50) DEFAULT NULL,
  `fk_id_categoria` int(11) DEFAULT NULL
) ENGINE=InnoDB DEFAULT CHARSET=latin1;

--
-- Dump dei dati per la tabella `notizia`
--

INSERT INTO `notizia` (`id_notizia`, `titolo`, `descrizione`, `autore`, `data_pubblicazione`, `immagine`, `link_video`, `fk_id_categoria`) VALUES
(1, 'Intelligenza artificiale, una rivoluzione cognitiva', 'La prestigiosa rivista scientifica Nature ha appena pubblicato un articolo intitolato “The case for human-AI interaction as System 0 thinking”. \r\nChi scrive, insieme a un team di ricercatori (Marianna Ganapini, Enrico Panai, Mario Ubiali), sono tra gli autori che affrontano il complesso argomento della relazione essere umano-AI, utilizzando un punto di vista multidisciplinare.\r\n\r\nL’articolo propone una nuova teoria su come l’intelligenza artificiale stia cambiando il modo in cui pensiamo e prendiamo decisioni. \r\nSosteniamo che l’interazione tra esseri umani e sistemi di AI avanzati stia creando un nuovo sistema cognitivo, che chiamiamo “Sistema 0”.\r\n\r\nPer capire il concetto di Sistema 0 è utile fare un passo indietro e ricordare la teoria dei due sistemi di pensiero proposta dal Premio Nobel Daniel Kahneman. Secondo Kahneman le persone per prendere decisioni e affrontare i problemi utilizzano due diversi sistemi cognitivi: il Sistema 1, caratterizzato da pensiero rapido, intuitivo e automatico, e il Sistema 2, che rappresenta un pensiero più lento, analitico e riflessivo.\r\n\r\nIl Sistema 0 si riferisce alla capacità dell’AI di svolgere compiti cognitivi complessi in modo autonomo e indipendente dalla nostra mente biologica. \r\nQuesti compiti includono la gestione di grandi quantità di dati, l’elaborazione di informazioni e la produzione di decisioni o suggerimenti su base algoritmica.\r\nTuttavia, a differenza del Sistema 1 e del Sistema 2 che sono incarnati, il Sistema 0 è esterno al nostro corpo, è inorganico e non possiede capacità intrinseche di dare significato alle informazioni che elabora. \r\n\r\nQuesto significa che l’AI può analizzare e generare risposte senza realmente comprendere il contenuto su cui lavora, lasciando agli esseri umani il compito di interpretare e attribuire significato ai risultati ottenuti.\r\n', 'Giuseppe Riva', '2024-09-18', '/images/IA1.jpg', NULL, 1),
(2, 'Pagamento pensioni nei prossimi anni: le previsioni dell’Intelligenza Artificiale', 'La preoccupazione di molti lavoratori, soprattutto giovani, è se l’INPS riuscirà a garantire loro una pensione sufficiente e sicura quando sarà il momento di smettere di lavorare. \r\nPer rispondere a questa domanda, bisogna analizzare il sistema pensionistico attuale, i meccanismi di calcolo delle pensioni e le previsioni demografiche ed economiche future che potrebbero influenzare la sostenibilità dei conti pubblici.\r\n\r\nNon è raro che lavoratori più o meno giovani ci scrivano per avere rassicurazioni sulla copertura del pagamento pensioni quando sarà il loro turno di smettere di lavorare. Proprio perché siamo spinti da questa paura, oggi certi dubbi iniziano a \r\nsorgere prima. \r\nLo abbiamo chiesto all’Intelligenza Artificiale: ecco le sue previsioni sul futuro del pagamento pensioni.\r\n', 'Alessandra De Angelis', '2024-10-03', '/images/IA2.jpg', NULL, 1),
(3, 'I vantaggi della nuova Intelligenza Artificiale nelle diverse divisioni aziendali', 'I contesti aziendali in cui l’Intelligenza Artificiale può garantire il proprio supporto attivo sono pressoché tutti. \r\nDalla divisione che si occupa del rapporto con i clienti a quella commerciale, dal marketing al canale e-commerce fino alla gestione del magazzino, l’Intelligenza Artificiale oggi rappresenta un aiuto concreto ai team aziendali, non solo per liberarli dalle attività quotidiane ripetitive e a basso impatto strategico, ma rappresentando una vera risorsa digitale aggiuntiva.\r\n\r\nDurante l’ultimo Dreamforce 2024, Salesforce ha presentato Agentforce, la terza generazione di strumenti basati sull’Intelligenza Artificiale che si configura come una famiglia di agenti applicativi “autonomi e in grado di ragionare” subito pronti all’uso nei diversi ambiti aziendali.\r\nSecondo la ricerca Salesforce Trends in AI Report si stima che il 41% del tempo dei dipendenti sia speso in lavori ripetitivi e a basso impatto, inoltre il 65% ritiene che l’AI generativa gli consentirà di essere più strategici. Ed è da queste rilevazioni che parte Agentforce.\r\n \r\nIl gruppo di soluzioni Salesforce vuole rappresentare un aiuto ai team sovraccarichi di lavoro grazie alla possibilità di scalare la capacità su richiesta, in modo che le persone possano concentrarsi su obiettivi di maggior valore strategico. \r\nCon la famiglia di agenti Agentforce, Salesforce favorisce l’idea di una vera forza lavoro ibrida composta da risorse umane e AI agent, vediamo in che modo.\r\n', 'Tiziano Terzani', '2024-08-30', '/images/IA3.jpg', NULL, 1),
(4, 'Ecco come l’Intelligenza artificiale rivoluzionerà il lavoro', 'L’Intelligenza Artificiale farà crescere la domanda di lavoro nel nostro Paese. \r\nIl rovescio della medaglia è che il 75% dei lavoratori dovrà aggiornarsi. \r\nEntro il 2027, le competenze digitali saranno necessarie per il 56% dei lavori richiesti. Le più richieste nel mercato nei prossimi anni saranno le competenze tecniche e trasversali. \r\nÈ quanto emerge da “Intelligenza Artificiale e trasformazione delle organizzazioni e del lavoro. Sfide e opportunità in otto settori”, il rapporto commissionato da Fastweb a EY, sull’impatto dell’IA sulle professioni.\r\n\r\nL’IA porterà nuovi posti di lavoro da qui al 2030, un dato che tranquillizzerà le persone che temono che la tecnologia possa avere effetti negativi sull’occupazione. Non poche, se pensiamo che il 77% dei lavoratori in Italia teme gli impatti dell’IA sul mercato del lavoro. \r\n\r\nÈ solo uno degli ostacoli all’affermazione dell’IA, che ad oggi affronta non pochi problemi. Infatti, tra il 60% e l’80% dei programmi di IA aziendali non sono riusciti ad integrare l’IA in modo strutturale. \r\nUn tasso di fallimento quasi doppio rispetto a progetti simili per tecnologie IT aziendali, secondo EY.\r\n\r\nUn dato che suggerisce che la formazione professionale sarà sempre più centrale nei prossimi anni. Da qui al 2030 fino al 75% dei profili professionali dovranno ricevere formazione per l’up-skilling o il re-skilling delle proprie competenze, secondo le stime di EY. \r\nInoltre, la richiesta di figure professionali tecniche continuerà a essere sostenuta nei settori Banking & Assicurazioni, ICT, Comunicazione e media, Pubblica Amministrazione, Sanità, Istruzione e Formazione, Manufactoring e Retail.\r\n', 'Edoardo Lisi', '2024-09-27', '/images/IA4.jpg', NULL, 1),
(5, 'Il ruolo dell’intelligenza artificiale in medicina: incontro a Trapani', 'Si terrà martedì 29 ottobre alle ore 17, presso la sala conciliare del Palazzo del Governo a Trapani, la conferenza sul tema “Il ruolo dell’intelligenza artificiale in sanità e in medicina: vantaggi, limiti e rischi nella pratica clinica, nella ricerca e nell’organizzazione dei servizi”, organizzata dall’AMMI (Associazione Mogli Medici Italiani) sezione di Trapani. \r\nL’evento, di grande attualità, esplorerà l’impatto dell’intelligenza artificiale (IA) sul settore sanitario, con un focus sulle sue applicazioni nella diagnosi, nel trattamento delle malattie, e nell’organizzazione dei servizi sanitari. \r\nTra i relatori, il Dott. Riccardo Rizzo, ricercatore del CNR; il Prof. Giuseppe Marceca, medico legale dirigente generale medico della Polizia di Stato a.r.; e il Dott. Francesco Lucido, responsabile dell’Osservatorio Infanzia e Adolescenza dell’ASP di Trapani. \r\nA moderare l’incontro sarà il Dott. Gaetano Vivona, direttore del Dipartimento di Salute Mentale dell’ASP di Trapani.\r\n \r\nLa Dott.ssa Maria D’Amico, presidente dell’AMMI sezione di Trapani, ha commentato: “L’intelligenza artificiale è già parte della nostra quotidianità e sta iniziando a rivoluzionare anche il settore medico. \r\nAttraverso questa conferenza, vogliamo sensibilizzare i professionisti della salute e il pubblico sui vantaggi e sui rischi legati all’uso dell’IA, affinché possa essere integrata in modo consapevole nella pratica clinica. \r\nIl potenziale di questa tecnologia è immenso: dall’analisi dei dati alla personalizzazione delle cure, l’IA può davvero migliorare la vita dei pazienti e ridurre i costi sanitari. Tuttavia, è importante discutere anche dei limiti e delle sfide etiche, affinché i progressi siano utilizzati in modo responsabile”.\r\n', 'Linda Albanese', '2024-10-14', '/images/IA5.jpg', NULL, 1),
(6, 'SentinelOne, Cecchi: “La cybersecurity deve diventare una sharing responsibility”', 'L''Intelligenza Artificiale sta sparigliando le carte della cyber-security. \r\nE per governare questa trasformazione disruptive serve spingere su una shared responsibility. \r\nNe è convinto Paolo Cecchi, Sales Director della Mediterranean Region di SentinelOne, che delinea a Corcom gli aspetti più rilevanti di questo scenario e spiega come le aziende si devono attrezzare per essere “a prova di hacker”. \r\nCon un occhio alla Nis2, la nuova direttiva Ue che aggiorna le regole sulla sicurezza informatica.\r\n\r\nL’AI sta ridisegnando il settore della cybersecurity. Cosa ci dobbiamo aspettare?\r\nIl cambiamento è già in atto. Stiamo assistendo a una crescita esponenziale degli attacchi informatici, sia dal punto di vista numerico sia da quello della sofisticazione, proprio determinato dall’avvento dell’intelligenza artificiale che consente agli “attaccanti” di rendere le intrusioni più pericolose anche disponendo di un livello più basso di “skill”. In pratica l’AI fa gran parte del lavoro per loro.\r\n\r\nLe aziende sono pronte a reagire di fronte a questo scenario?\r\nSono due i fronti che le aziende devono attenzionare: il consolidamento, ovvero “migrare” verso una piattaforma cyber il più possibile unificata, e l’automazione che consente di utilizzare sistemi veloci nel rilevamento e nella risposta agli attacchi. \r\n\r\nLe aziende sono pronte o meglio, a queste esigenze seguono investimenti ad hoc? In parte, direi. Ci sono molte aziende che preferiscono terminare il ciclo finanziario degli investimenti effettuati e dunque non mettono sul piatto altre risorse. \r\nUna situazione, questa, che rilevo soprattutto nei Paesi del Sud Europa mentre le imprese nel Nord Europa sono più pronte al cambiamento.\r\n', 'Federica Meta', '2024-10-06', '/images/CS1.jpg', NULL, 2),
(7, 'La cybersecurity delle aziende a CyberTech Europe 2024', 'L’8 e il 9 ottobre a Roma si è tenuta la settima edizione dell’evento CyberTech Europe, che ha raccolto esperti, aziende ed enti governativi che operano nel campo della cybersecurity. \r\nL’incontro, definito da conferenze sul tema e dalle rappresentanze di molte società, è stato un’occasione per fare il punto sulla sicurezza informatica delle imprese e sulle novità tecnologiche per combattere l’azione dei cyber criminali.\r\n\r\nFondata nel 2014, CyberTech è nata come piattaforma di networking globale nel settore della cyber-security e ha organizzato in tutto il mondo numerosi eventi legati al settore. Da Tel Aviv a New York, da Roma a Dubai, a Tokyo e oltre, le conferenze e le esposizioni di CyberTech sono diventate un riferimento per la sicurezza delle aziende e degli Stati.\r\nQuesto evento offre lo spunto per passare in rassegna le tematiche della cyber-security per le aziende, un tema sempre più importante, visto il continuo aumento degli attacchi informatici ai danni delle società.\r\n', 'Nicola Martello', '2024-10-17', '/images/CS2.jpg', NULL, 2),
(8, 'MSSP: gli eroi della cybersecurity', 'Negli ultimi anni, la sicurezza informatica è diventata una delle priorità strategiche per le aziende, riflettendo un panorama globale in cui le minacce digitali sono sempre più sofisticate e pervasive. \r\n\r\nSecondo l’ultimo rapporto del Clusit, nel 2023 l’Italia ha registrato un aumento significativo degli attacchi informatici gravi, con una crescita di oltre il 15% rispetto all’anno precedente. \r\nQuesto trend non è isolato: i cyber-attacchi sono sempre più frequenti e mirati, e coinvolgono non solo grandi aziende, ma anche piccole e medie imprese, che spesso si trovano impreparate ad affrontare minacce complesse.\r\n\r\nLe tecniche di attacco si evolvono costantemente, e spaziano dal ransomware al phishing fino agli attacchi DDoS e alle compromissioni della supply chain. \r\nIl Clusit evidenzia come i settori più colpiti siano quello manifatturiero, la sanità, i servizi finanziari e le infrastrutture critiche, che rappresentano bersagli particolarmente sensibili per i cybercriminali. \r\nLa pandemia ha contribuito a esacerbare la situazione, accelerando la trasformazione digitale e ampliando le superfici di attacco, con la forte espansione del lavoro da remoto e l’adozione di strumenti digitali poco sicuri.\r\n', 'Thomas Aichner', '2024-08-28', '/images/CS3.jpg', NULL, 2),
(9, 'Cybersecurity, perché tutti sono a rischio spionaggio: «Bastano poche migliaia di euro»', 'Non solo politici e vip. Sotto la lente d’ingrandimento degli investigatori privati possono finirci tutti. E chi pensa che l’inchiesta della Direzione distrettuale antimafia di Milano sui dossier abusivi realizzati dalla società di sicurezza e investigazioni “Equalize Srl” di Enrico Pazzali sia una vicenda che ha a che fare soltanto con politica e gossip, si sbaglia. \r\nGli atti dell’indagine, come scrive La Verità, hanno svelato le modalità con cui la società operava e alla quale avrebbero potuto rivolgersi tutti. Non solo manager, ma anche liberi professionisti, commercianti, piccoli imprenditori. Per separazioni, divorzi, presunte corna, dipendenti infedeli. \r\n\r\nE tutto ciò è possibile, come ha svelato l’inchiesta, grazie a una banca dati molto riservata – ovvero lo Sdi, Sistema d’Indagine – trasformato da strumento per le Forze dell’ordine a dispositivo per lo spionaggio. Utilizzato, quest’ultimo, come precisano gli inquirenti, per produrre 52.811 file contenenti informazioni “sensibili”. \r\n\r\nStando alle intercettazioni, infatti, il gruppo di Pazzali poteva accedere abusivamente a sezioni riservate, compresi i dati su persone e beni. \r\nMa non solo: la società era, inoltre, in grado di accedere illegalmente anche all’Anagrafe nazionale della popolazione residente, che contiene dati protetti come gli stati di famiglia e le informazioni personali di tutti i cittadini. \r\nTra i clienti figurano, tra gli altri, avvocati, ma anche chi ha fatto ricorso alla società per accedere ai dati sanitari riservati di un cliente coinvolto in una causa di lavoro. \r\n', 'Ugo Milani', '2024-06-10', '/images/CS4.jpg', NULL, 2),
(10, 'Cyber attacchi, l’Italia è nel mirino: ecco le sfide e le strategie di difesa', 'Secondo Check Point Research (CPR), nel terzo trimestre del\r\n2024, l’Italia ha registrato un incremento dei cyber attacchi a tripla cifra (+115%) rispetto allo stesso periodo dell’anno precedente. \r\nDati confermati anche al Security Summit di Verona.\r\n\r\n“Anche gli ultimi dati più recenti sui cyber-attacchi a livello mondiale confermano quello che il Clusit evidenzia da anni nei suoi rapporti – commenta Giorgio Sbaraglia, consulente aziendale cyber security, membro del Comitato Direttivo Clusit -: l’Italia è sempre nei primissimi posti in questa poco invidiabile classifica dei paesi più attaccati, anzi risulta ‘sovraesposta’ per numero di attacchi subiti rispetto alla dimensione del suo PIL nazionale“.\r\n\r\nEcco le sfide da affrontare ai tempi della NIS2, DORA e AI Act e le strategie di difesa per proteggersi più efficacemente.\r\nIn Italia la media degli attacchi informatici settimanali per organizzazione ha toccato quota 2.301 attacchi in media per settimana, contro il record globale di 1.876 unità (il massimo spetta all’Africa con una media di 3.370 attacchi a settimana).\r\n', 'Mirella Castigli', '2024-02-03', '/images/CS5.jpg', NULL, 2),
(11, 'Gli umanoidi in gara nel deserto corrono come la Cina nella robotica', 'Se "la Cina è vicina", lo sviluppo della sua robotica lo è ancora di più. Gli esperti occidentali hanno già drizzato le orecchie, mentre i ricercatori e gli imprenditori orientali presagiscono un nuovo business levarsi all''orizzonte con sempre maggiore forza. \r\nGià, perché - come scrive il South China Morning Post - Pechino ha rivelato i suoi (temerari) piani per lanciare la produzione di massa di robot umanoidi avanzati entro il 2025.\r\n\r\nDelineata in un documento del Ministero dell''Industria e dell''Informazione Tecnologica (MIIT), l''iniziativa vede le autorità incitare il comparto manifatturiero del paese a "stabilire un sistema di innovazione per i robot umanoidi, realizzare cambi di passo in diverse tecnologie chiave e assicurare la fornitura sicura ed efficace di componenti essenziali". \r\nL''intento della Cina? Collocarsi come leader mondiale nella tecnologia da qui a tre anni.\r\n\r\nIl MIIT precisa che l''industria nazionale dovrebbe sviluppare il "cervello", il "cervelletto" e gli "arti" degli umanoidi, grazie ai continui progressi dell''intelligenza artificiale. Puntualizzando altresì l''urgenza che tali robot siano operativi (anche) in condizioni complesse e rischiose. La robotica umanoide in Cina non come "tendenza" di mercato, bensì quale investimento a lunga gittata; si prevede infatti che in futuro questo comparto possa determinare un mercato dal valore di trilioni di yuan (miliardi di euro).\r\n\r\nDalla cucina di un appartamento - con il robot Unitree G1, prodotto dall''azienda cinese Unitree Robotics e in vendita al "modico" prezzo di 16mila dollari, che non solo prepara i toast, stappa le bottiglie e apre le noci ma ha anche stabilito un nuovo record mondiale per il salto in lungo da fermo (toccando l''incredibile distanza di 1,4 metri, come dimostra il video sul canale Youtube dell''azienda) - al nuovo umanoide Star1 (alto 171 centimetri e pesante 65 chili), sviluppato da Robot Era (realtà sempre cinese) che ha toccato la velocità record di oltre 8 miglia orarie (circa 13 km/h) durate un test nel deserto del Gobi. La dimostrazione ha visto due modelli Star1 sfidarsi su differenti tipi di terreni, con uno dei due che "indossava" scarpe da ginnastica (l''altro invece correva a "piedi nudi"), per migliorare le prestazioni.\r\n', 'Massimo Canorro', '2024-07-24', '/images/RO1.jpg', NULL, 4),
(12, 'Drone Contest: dalla robotica collaborativa nasce la sinergia tra università e imprese', 'Il Drone Contest di Leonardo, giunto quest''anno alla sua quinta edizione, non è solo una gara di robotica dedicata a studenti e dottorandi, ma una piattaforma di sviluppo tecnologico e di collaborazione tra università e imprese. \r\nLa competizione, nata con l’idea di promuovere l’open innovation e di valorizzare le applicazioni dell’intelligenza artificiale applicata ai sistemi autonomi, è stato organizzata in partnership con sette università italiane di eccellenza, tra cui il Politecnico di Milano, il Politecnico di Torino e l’Università di Roma Tor Vergata.\r\n\r\nOgni anno, i partecipanti sono chiamati a sfidarsi in scenari simulati - senza godere l’ausilio del segnale Gnss, il Global Navigation Satellite System - sviluppando soluzioni robotiche avanzate che possano essere applicate a contesti reali, come il monitoraggio di aree post-disastro o la sorveglianza di ambienti complessi.\r\nQuest''anno, il contest si è svolto all''interno di Dronitaly, la fiera di riferimento per i droni civili a uso professionale, organizzata da BolognaFiere Water&Energy dal 9 all''11 ottobre scorsi. La sfida è stata caratterizzata dall''interazione tra droni e robot terrestri, progettati per cooperare nel riconoscere obiettivi, superare ostacoli e raccogliere informazioni vitali per il completamento delle missioni in autonomia.\r\n\r\n"Il Drone Contest nasce dalla volontà di collaborare con il sistema universitario italiano, soprattutto nell’ambito della guida autonoma", ha evidenziato a Wired Moira Bellachioma, responsabile per Leonardo dell’organizzazione del Drone Contest. "Questa edizione ha visto il focus sugli agenti eterogenei, con l''integrazione di robot terrestri e droni aerei per ricostruire mappe e identificare target".\r\n', 'Gianluca Dotti', '2024-09-11', '/images/RO2.jpg', NULL, 4),
(13, 'Sfide della robotica in medicina, incontro con Edoardo Lamon', 'Gli Amici dell’Acquario, nell’ambito dei Mercoledì Scienza che da 29 anni organizzano, ospitano mercoledì 30 ottobre 2024 Edoardo Lamon del Dipartimento di Ingegneria e Scienza dell’Informazione di Trento per parlare delle Sfide della robotica in medicina. \r\nL''incontro si svolge alle ore 17 presso l’Auditorium dell’Acquario di Genova, con ingresso gratuito.\r\n\r\nLa telemedicina è comunemente definita come la capacità di fornire servizi di assistenza sanitaria, eliminando la necessità di visite di persona. \r\nQuesto paradigma è particolarmente utile per raggiungere aree geograficamente remote e ha guadagnato terreno durante le pandemie COVID-19 per l’ovvia riduzione del rischio di trasmissione di agenti patogeni tra pazienti e personale medico. \r\nI vantaggi riconosciuti di questo approccio sono un maggiore comfort per i pazienti e una riduzione dei costi sia per i pazienti che per il servizio sanitario.\r\n\r\nLa frontiera più avanzata della telemedicina è la possibilità per il medico di eseguire attività diagnostiche complesse che richiedono il contatto fisico con il paziente. Una soluzione promettente per questo tipo di attività è la tele-robotica, in cui un sistema robotico interagisce con il paziente ed è controllato o supervisionato a distanza da un medico. \r\nLe applicazioni mediche della tele-robotica sono considerate tecnicamente impegnative perché richiedono l’integrazione di diversi strumenti, come la realtà virtuale, le interfacce aptiche, un controllo accurato e il ritorno di forza.\r\n', 'Andrea de Adamich', '2024-10-05', '/images/RO3.jpg', NULL, 4),
(14, 'Chirurgia robotica: all’Ospedale di Nocera apre il nuovo Blocco Operatorio potenziato con l’alta tecnologia', 'Mercoledì 30 ottobre 2024, alle ore 10:30, presso l’ospedale di Nocera Inferiore, si terrà l’inaugurazione del Blocco Operatorio e la contestuale attivazione del robot “da Vinci”, primo robot chirurgico pubblico di cui si dota l’Asl Salerno.\r\n\r\nTale avanzato sistema robotico offre alla chirurgia mininvasiva nuove possibilità di cura ed apre nuove prospettive alla robotica chirurgica supportata dall’intelligenza artificiale. Le sue applicazioni spazieranno dall’Urologia alla Ginecologia, dalla Chirurgia Toracica alla Chirurgia Generale.\r\nUna soluzione all’avanguardia, che consentirà di migliorare le performance dei chirurghi e ridurre nel contempo le sofferenze per i pazienti sottoposti a procedure chirurgiche.\r\n\r\nParteciperanno alla cerimonia il Vescovo della Diocesi Nocera Mons. Sarno Giuseppe Giudice, il Sindaco di Nocera Inferiore avv. Paolo De Maio, il Direttore Generale dell’Asl Salerno ing. Gennaro Sosto, il Direttore Sanitario Asl Salerno dott. Primo Sergianni, il Direttore Amministrativo Asl Salerno dott. Germano Perito, il Direttore Sanitario p.o.  Umberto I di Nocera Inferiore d.ssa Rosalba Santarpia, e il Direttore del Dipartimento di Chirurgia Generale e Urologia prof. Roberto Sanseverino.\r\nConcluderà i lavori il presidente della Regione Campania on. Vincenzo De Luca.', 'Marilia Parente', '2024-10-13', '/images/RO4.jpg', NULL, 4),
(15, 'Meccanizzazione agricola, robotica, digitalizzazione, smart irrigation: a Montichiari l''agricoltura del futuro', 'È stata inaugurata ufficialmente questa mattina, 26 ottobre, al Centro Fiera del Garda, la 96esima edizione della FAZI, la Fiera Agricola Zootecnica Italiana di Montichiari. \r\n\r\nMeccanizzazione agricola, robotica, digitalizzazione, soluzioni per la zootecnia professionale e smart irrigation, chimica verde e biosolution: nonostante l''assenza dei bovini di razza Frisona, Bruna e Jersey italiana (causa epidemia di Blue Tongue) non manca la consueta affluenza di visitatori che hanno affollato i nove padiglioni e le aree esterne del polo fieristico.\r\n\r\nSubito dopo l’inaugurazione si è tenuto il convegno di Coldiretti, dedicato ad una delle sfide cruciali del settore primario: “Difendere la zootecnia per difendere l’agricoltura” e il convegno su “La ricerca a sostegno del Made in Italy” di Confagricoltura Brescia.\r\nAl padiglione 6 presente anche un’area dedicata alla zootecnia e all’esposizione degli animali, con la sesta Mostra nazionale di Registro Anagrafico della specie cunicola a cura dell’ANCI – Associazione Nazionale Coniglitori Italiani. \r\nLa fiera continuerà anche nella giornata di domani, dalle 9 alle 18, con altri importanti incontri. \r\n\r\nPer ulteriori informazioni è possibile consultare il sito www.fieragri.it.\r\n', 'Eleonora Cusano', '2024-10-26', '/images/RO5.jpg', NULL, 4),
(16, 'Genova, al Festival della Scienza arrivano 180 innovazioni tecnologiche: dalla salute al settore marittimo', 'Dodici progetti innovativi presentati al Festival della Scienza su iniziativa di Unige, Cnr e Iit. \r\nSi parte dalla salute, con il guanto sensorizzato per valutare la fragilità delle persone, alla piattaforma per fornire contenuti didattici in Lis, al sistema per migliorare rilevamento e diagnosi dei tumori; strumenti di tecnologia medica avanzata, per migliorare la qualità delle immagini, imitare sensazioni tattili per le protesi, migliorare l''esperienza visiva in campo chirurgico, ma anche progetti per monitoraggio ambientale e agricoltura, dalla piattaforma per analizzare la qualità dell''aria ai robot a guida autonoma per aree ad alto rischio, alla difesa della produzione vitivinicola da agenti patogeni; fino all''ambito marittimo, dai varchi portuali automatizzati alle scogliere artificiali stampate in 3D con materiali di scarto dell''allevamento di molluschi. \r\n\r\nSono questi, in breve, i 12 progetti presentati nel corso dell''Innovation Showcase, organizzato al festival della scienza da Raise, ecosistema dell''innovazione concepito e coordinato da Unige, Cnr e Iit, con fondi Pnrr, per promuovere il trasferimento tecnologico e la collaborazione tra il mondo della ricerca e quello dell''industria. \r\n\r\n"Oggi presentiamo 12 progetti selezionati tra 180 innovazioni tecnologiche", spiega Andrea Pagnin di Iit, che coordina lo Spoke 5 di Raise per il trasferimento tecnologico all''interno di Raise Up, che è un programma sviluppato in accordo con PWC e con l''incubatore del Politecnico di Torino. \r\nDa questa giornata usciranno alcune imprese che diventeranno startup mentre altre soluzioni tecnologiche verranno date in licenza da aziende che verranno a capire se possono inserirsi nel loro modello di business.', 'Anna Li Vigni', '2024-05-10', '/images/INN1.jpg', NULL, 3),
(17, 'L''ASP presenta le ultime innovazioni tecnologiche all''Expo-Medicina di Catania', 'Da oggi fino a domenica 27 ottobre, presso “Le Ciminiere” di Catania, l’ASP di Ragusa è protagonista della quarta edizione di Expo-Medicina 2024, un rilevante momento di confronto per tutte le realtà imprenditoriali e istituzionali che quotidianamente s’impegnano per la divulgazione e la diffusione dei temi dell’innovazione tecnologica in sanità.\r\n\r\nLo stand dell’Azienda Sanitaria Provinciale, allestito dal Servizio Informatico e Transizione digitale, diretto dal dott. Massimo Iacono, ospita le ultime innovazioni in materia di Cardiologia digitale, con l’ampia gamma dei servizi messi a disposizione dal programma Connected Care, che caratterizzano la Cardiologia-UTIC dell’ospedale “Giovanni Paolo II” di Ragusa come un reparto d’eccellenza: dalla Televisita al Teleconsulto, passando per il Telemonitoraggio. \r\n\r\nI servizi saranno presentati sabato mattina alle 9.30 dallo speech del dott. Antonino Nicosia, Direttore del Dipartimento Cardio-Neuro-Vascolare dell’ASP. Inoltre, nella sessione di sabato pomeriggio, gli pneumologi Enzo Cannata e Carlo Chessari presenteranno l’altro progetto innovativo di domiciliarizzazione BCPO (Broncopneumopatia Cronica Ostruttiva), una patologia polmonare progressiva e cronica che causa l’ostruzione delle vie aeree.\r\n\r\nAlla prima tavola rotonda sul DM 77, il decreto relativo all’integrazione ospedale-territorio, ha partecipato anche il Direttore generale dell’ASP, dott. Giuseppe Drago: “Questo evento ci dà la possibilità di condividere con le altre Aziende esperienze, opinioni e criticità - ha detto -. La nostra ASP è particolarmente coinvolta sul fronte dell’assistenza territoriale. Oggi gli ospedali sono sovraccarichi di domanda, i Pronto soccorso risultano spesso affollati e le liste d’attesa rappresentano uno scoglio da superare. Portare l’assistenza al domicilio del paziente può rappresentare la svolta. Lo sviluppo tecnologico, attraverso gli strumenti della telemedicina, ci aiuterà a farlo”.\r\n', 'Gaetano Afeltra', '2024-10-25', '/images/INN2.jpg', NULL, 3),
(18, 'Gaming e "open world": come le innovazioni tecnologiche stanno trasformando il genere', 'Il mondo dei videogiochi è molto cambiato negli ultimi anni, ma pochi generi hanno subito cambiamenti radicali quanto gli open world, titoli caratterizzati da vasti ambienti esplorabili e da una grande libertà d’azione. \r\nGli open world stanno evolvendo rapidamente grazie alle innovazioni tecnologiche che stanno rimodellando l’intero settore.\r\nQueste stesse tecnologie che stanno trasformando i giochi open world hanno avuto un impatto significativo su tutto l’universo del gaming, dai titoli per mobile al retrogaming: non sono rari i casi di giochi storici rinnovati nell’aspetto e nelle meccaniche.\r\n\r\nAnche il mondo dei casinò online ha subito una metamorfosi grazie alla tecnologia: ora, player come PokerStars Casinò offrono esperienze sempre più simili a quelle dei casinò fisici. \r\nAnche grazie all’Intelligenza Artificiale e alla Realtà Virtuale, è ora possibile scoprire tutti i passatempi tipici come le slot machine, e a tutti gli altri giochi che caratterizzano i casino, in modo immersivo: l’interfaccia digitale scompare per lasciare spazio a un ambiente che simula in modo realistico una casa da gioco fisica. Le piattaforme moderne offrono tavoli dal vivo con croupier reali, streaming in alta definizione e interazioni in tempo reale con altri partecipanti, rendendo l’esperienza sociale ed emozionante, senza dimenticare l’aspetto della sicurezza, implementata da crittografie sempre più sofisticate.\r\n\r\nA proposito degli open world, uno degli sviluppi più rivoluzionari è proprio l’implementazione avanzata dell’Intelligenza Artificiale (AI). \r\nGli NPC (personaggi non giocabili) stanno diventando sempre più intelligenti: sono infatti in grado di adottare comportamenti che rispondono alle azioni del giocatore a seconda delle sue scelte. La differenza rispetto agli open world del passato è che oggi le interazioni non sono più scriptate: ecco perché gli NPC possono adattarsi dinamicamente alle decisioni del giocatore, rendendo ogni partita diversa. \r\nCapolavori come Red Dead Redemption 2 o Cyberpunk 2077 hanno già integrato elementi di AI per creare mondi più “vivi”, dove ogni personaggio ha una propria routine, ambizioni e reazioni al contesto.\r\n\r\nIn futuro, l’AI potrebbe addirittura permettere una narrazione che si auto-modella in tempo reale: la trama non sarà più un percorso fisso, ma qualcosa che si evolve organicamente in base alle scelte del giocatore. Già esistono, e sono esistiti, titoli del genere (vedi la serie Fable), ma l’evoluzione dell’AI permetterà di creare trame di gioco sempre più sofisticate.\r\n\r\nUn altro enorme passo avanti per il genere open world è rappresentato dall’integrazione della Realtà Virtuale (VR), il cui legame col gaming è sempre più stretto, e della Realtà Aumentata (AR). Se i “mondi aperti” permettono libertà di esplorazione, la VR ora è finalmente in grado di immergere i giocatori in universi digitali come mai fatto prima. \r\nAttraverso dispositivi come Oculus Rift o PlayStation VR, i giocatori possono vivere l’esperienza di camminare fisicamente in città futuristiche, foreste incantate o deserti desolati. Con la realtà virtuale, il confine tra reale e digitale diventa sempre più sottile, rendendo i mondi aperti incredibilmente tangibili.\r\n', 'Sabino Acquaviva', '2024-08-15', '/images/INN3.jpg', NULL, 3),
(19, 'Innovazioni tecnologiche per il monitoraggio della salute degli Oceani', 'La tecnologia sta assumendo un ruolo sempre più cruciale nella protezione di mari e oceani, fornendo strumenti innovativi per monitorare l’impatto umano e i cambiamenti climatici. \r\nGli strumenti tecnologici avanzati, come droni marini, satelliti ad alta risoluzione, sensori autonomi e piattaforme di intelligenza artificiale (AI), offrono una raccolta dati più precisa ed efficiente, migliorando la nostra capacità di proteggere gli ecosistemi marini.\r\n\r\nSensori avanzati come i gliders sottomarini, i droni d’acqua e le boe intelligenti sono strumenti fondamentali per il monitoraggio marino. \r\nI gliders sottomarini raccolgono dati su temperatura, salinità e correnti, mentre i droni d’acqua monitorano inquinanti superficiali e fioriture algali. \r\nLe boe intelligenti, con i loro sensori multipli, forniscono un flusso continuo di dati cruciali per la gestione marina.\r\n\r\nIl vantaggio di queste tecnologie è la loro capacità di raccogliere grandi volumi di dati con precisione, permettendo ai ricercatori di prevedere i cambiamenti climatici e monitorare le dinamiche ecologiche degli oceani. \r\nQuesto aiuta a comprendere meglio la biodiversità marina e a rilevare i cambiamenti a lungo termine nelle condizioni oceaniche.\r\n', 'Luisa Bruno', '2024-03-09', '/images/INN4.jpg', NULL, 3),
(20, 'Energia solare del futuro: le innovazioni tecnologiche', 'Che l’energia solare sia considerata l’energia del futuro non è più una novità, tanto che in tutto il mondo la produzione di elettricità sui tetti di abitazioni e aziende tramite pannelli solari è in piena espansione da diversi anni. \r\nI motivi sono molto semplici da comprendere: si tratta infatti di una risorsa pulita, naturale, inesauribile e alla portata di tutti, che non emette sostanze dannose, permette di ridurre le emissioni e l’utilizzo di combustibili fossili e di abbassare i costi in bolletta.\r\n\r\nL’energia solare si è rivelata essere anche molto versatile e si può utilizzare per produrre elettricità, generare calore e riscaldare l’acqua sanitaria, tramite impianto fotovoltaico, impianto solare termico o impianto termodinamico (che combina i due utilizzi). \r\nInoltre, è facile da smaltire: quasi tutti i componenti dei pannelli solari possono infatti essere riciclati, rendendo questa tecnologia ancora più green. \r\nInfine, secondo l’indagine degli esperti di ExpressVPN, l’energia solare è anche sicura, a patto che aziende, privati e governi proteggano efficacemente gli impianti solari fotovoltaici dai possibili attacchi informatici.\r\n\r\nQuesto può essere fatto implementando solide misure di sicurezza della rete (protezione tramite password complesse, MFA e crittografia, aggiornamento regolare di firmware e software, ecc.) e, quando si tratta di Imprese, creando VPN per i dipendenti per crittografare l’intera attività online ed effettuando regolari controlli di sicurezza e una formazione costante sulle migliori pratiche di sicurezza informatica.\r\n\r\nTutti questi fattori non solo rendono l’energia solare un’efficiente soluzione energetica sempre più sfruttata, ma spingono anche allo sviluppo di innovazioni tecnologiche che aprono nuove prospettive sorprendenti per il futuro dell’energia rinnovabile.\r\n', 'Giuseppe Adami', '2024-01-18', '/images/INN5.jpg', NULL, 3);

--
-- Indici per le tabelle scaricate
--

--
-- Indici per le tabelle `admin`
--
ALTER TABLE `admin`
  ADD PRIMARY KEY (`id_admin`);

--
-- Indici per le tabelle `categoria`
--
ALTER TABLE `categoria`
  ADD PRIMARY KEY (`id_categoria`);

--
-- Indici per le tabelle `evento`
--
ALTER TABLE `evento`
  ADD PRIMARY KEY (`id_evento`),
  ADD KEY `fk_id_categoria` (`fk_id_categoria`),
  ADD KEY `fk_id_categoria_2` (`fk_id_categoria`);

--
-- Indici per le tabelle `notizia`
--
ALTER TABLE `notizia`
  ADD PRIMARY KEY (`id_notizia`),
  ADD KEY `fk_id_categoria` (`fk_id_categoria`);

--
-- AUTO_INCREMENT per le tabelle scaricate
--

--
-- AUTO_INCREMENT per la tabella `admin`
--
ALTER TABLE `admin`
  MODIFY `id_admin` int(11) NOT NULL AUTO_INCREMENT, AUTO_INCREMENT=6;
--
-- AUTO_INCREMENT per la tabella `categoria`
--
ALTER TABLE `categoria`
  MODIFY `id_categoria` int(11) NOT NULL AUTO_INCREMENT, AUTO_INCREMENT=5;
--
-- AUTO_INCREMENT per la tabella `evento`
--
ALTER TABLE `evento`
  MODIFY `id_evento` int(11) NOT NULL AUTO_INCREMENT, AUTO_INCREMENT=9;
--
-- AUTO_INCREMENT per la tabella `notizia`
--
ALTER TABLE `notizia`
  MODIFY `id_notizia` int(11) NOT NULL AUTO_INCREMENT, AUTO_INCREMENT=21;
--
-- Limiti per le tabelle scaricate
--

--
-- Limiti per la tabella `evento`
--
ALTER TABLE `evento`
  ADD CONSTRAINT `evento_categoria` FOREIGN KEY (`fk_id_categoria`) REFERENCES `categoria` (`id_categoria`) ON DELETE CASCADE ON UPDATE CASCADE;

--
-- Limiti per la tabella `notizia`
--
ALTER TABLE `notizia`
  ADD CONSTRAINT `notizia_categoria` FOREIGN KEY (`fk_id_categoria`) REFERENCES `categoria` (`id_categoria`) ON DELETE CASCADE ON UPDATE CASCADE;

/*!40101 SET CHARACTER_SET_CLIENT=@OLD_CHARACTER_SET_CLIENT */;
/*!40101 SET CHARACTER_SET_RESULTS=@OLD_CHARACTER_SET_RESULTS */;
/*!40101 SET COLLATION_CONNECTION=@OLD_COLLATION_CONNECTION */;
